record_id,timestamp,seller_id,buyer_id,property_type,neighborhood,city,state,latitude,longitude,area_m2,bedrooms,bathrooms,parking_spots,year_built,furnished,condo_fee_brl,price_brl,buyer_notes
967b21d4-cad2-454d-9505-6ea425d977b8,2026-09-18T19:20:15.443384,S-D424CF43,B-A62BFE10,penthouse,Vila Andrade,São Paulo,SP,-23.649389,-46.73198,222.7,3,4,3,2011,True,1103.48,5673080.76,Concerned about noise from nearby avenue.
d5711743-21f8-444b-99d1-47d563af6064,2026-09-18T19:20:15.443448,S-435C41CE,B-5E8E1B8F,commercial,Perdizes,São Paulo,SP,-23.541585,-46.668973,190.5,0,1,2,1978,False,2062.36,1724431.9,
03dae8f5-bd69-4fbc-a65d-33207b6c3a97,2026-09-18T19:20:15.443491,S-73FCEA95,B-C1DD6FD2,house,Água Funda,São Paulo,SP,-23.614648,-46.603026,160.8,4,4,1,1995,True,0.0,953927.14,Requested details on condo fees.
a05588b1-29b6-4d35-aa7d-d64f406ac033,2026-09-18T19:20:15.443527,S-80046C63,B-68415108,apartment,Morumbi,São Paulo,SP,-23.622757,-46.718056,161.9,2,3,3,2016,False,350.01,1403297.69,"Interested in the view, wants to negotiate price."
e1bb307f-bd87-4135-8d55-9e2bbb30bb5a,2026-09-18T19:20:15.443561,S-CD959EAF,B-6FCF8A45,house,Jabaquara,São Paulo,SP,-23.640507,-46.635537,192.5,2,1,2,2007,True,0.0,1183843.52,Looking for a property near public transport.
8d21d436-569b-40bb-8d45-474d117fb280,2026-09-18T19:20:15.443587,S-3C075251,,house,Butantã,São Paulo,SP,-23.574832,-46.731698,61.3,3,2,0,1977,False,0.0,689999.54,
81b85935-0e09-4eaf-93a5-1bd940ca5850,2026-09-18T19:20:15.443614,S-67178EB2,,penthouse,Mooca,São Paulo,SP,-23.542993,-46.600111,72.4,5,2,3,2000,True,1139.75,5022400.55,
33a134cf-fab5-45c5-a7b9-e49bab094644,2026-09-18T19:20:15.443639,S-61143575,,studio,Cursino,São Paulo,SP,-23.61052,-46.624875,42.4,0,1,2,2019,True,395.52,285978.14,
86692742-b9de-4a94-9cd4-747b726f2a26,2026-09-18T19:20:15.443672,S-41E305F7,B-DC73899F,studio,Mooca,São Paulo,SP,-23.556692,-46.606627,222.5,0,1,0,2012,False,2099.77,253758.96,Asked about pet policy in the building.
53d00df4-7a9f-4aab-91ff-ec8f25d7e44e,2026-09-18T19:20:15.443704,S-3AA88593,B-69B76373,penthouse,Lapa,São Paulo,SP,-23.518834,-46.714208,89.5,5,3,1,2019,True,870.59,6247480.92,"Interested in the view, wants to negotiate price."
1cf3d16e-c795-48b3-847c-d1734938e1f4,2026-09-18T19:20:15.443746,S-E6A2FBC5,B-8D62E1B0,commercial,Jardins,São Paulo,SP,-23.576441,-46.653598,178.1,0,1,3,2007,True,1611.32,2175006.0,Wants to schedule a second visit with spouse.
9f2d39d7-8d79-4add-865e-0b0eeebc826b,2026-09-18T19:20:15.443777,S-CFDC2A65,B-3C83395D,apartment,Perdizes,São Paulo,SP,-23.541894,-46.666197,68.6,1,2,2,1980,False,588.62,2173865.87,
c91786c6-7436-4921-9348-c83ab7c7c8d1,2026-09-18T19:20:15.443808,S-435104DA,B-6488A404,apartment,Vila Sônia,São Paulo,SP,-23.601728,-46.732294,264.1,1,2,2,2002,True,432.73,2398696.17,
08ce2226-01a8-4d7b-9d5c-699edec68d13,2026-09-18T19:20:15.443839,S-3F87120D,B-3E3EBB37,apartment,Mandaqui,São Paulo,SP,-23.494706,-46.634306,88.4,4,4,1,1986,False,1428.31,2149022.28,Looking for a property near public transport.
d939d2d7-0ed6-4c5a-a971-e84194e0cdc6,2026-09-18T19:20:15.443863,S-276D43FA,,apartment,Bom Retiro,São Paulo,SP,-23.520377,-46.637774,179.3,4,1,3,1990,True,855.02,1408132.47,
8fe06856-9331-48b0-8044-33e552fda9cb,2026-09-18T19:20:15.443893,S-BA961C63,B-B3913132,house,Campo Belo,São Paulo,SP,-23.627159,-46.671192,56.4,4,2,2,1994,True,0.0,3094421.88,
44373d9d-20bc-40da-899e-6d79c0634056,2026-09-18T19:20:15.443920,S-2218B48D,,house,Mooca,São Paulo,SP,-23.543775,-46.602629,113.3,2,2,3,1989,False,0.0,1784725.79,
78aacc1a-8250-41bc-8539-8f780f6227a3,2026-09-18T19:20:15.443965,S-E3DB2EBD,,commercial,Aclimação,São Paulo,SP,-23.56068,-46.631133,231.7,0,1,0,1998,True,2453.96,2147434.57,
995dd54b-9fcb-4250-93e5-8280ce4bcc86,2026-09-18T19:20:15.443991,S-9D2C2FE5,,apartment,Saúde,São Paulo,SP,-23.600893,-46.633553,219.7,4,5,1,2019,False,2337.52,1548928.47,
fb5dc22f-d6f7-42ed-b088-054cf55e3071,2026-09-18T19:20:15.444023,S-16A2D495,B-4CD2F509,penthouse,Mooca,São Paulo,SP,-23.557574,-46.602248,217.1,3,4,0,2018,False,484.8,5116565.73,Asked about pet policy in the building.
43abe89e-9992-4c43-8cde-75577658f2d8,2026-09-18T19:20:15.444059,S-0EF4CC90,B-BFD28280,house,Moema,São Paulo,SP,-23.593332,-46.667431,237.2,5,2,2,2014,False,0.0,3197489.38,
62c3b2f4-0ccf-4819-8395-958742962770,2026-09-18T19:20:15.444084,S-D71441E2,,penthouse,Cidade Dutra,São Paulo,SP,-23.707028,-46.657287,75.2,4,2,1,1985,True,1678.66,3309692.62,
016955db-8cb9-4eb8-a486-8aa6d9e78e5b,2026-09-18T19:20:15.444109,S-89216AF3,,penthouse,Santo André,São Paulo,SP,-23.658096,-46.538931,232.5,4,3,2,1994,False,602.7,5968534.2,
21686079-b953-4873-8000-36bc66b9c35d,2026-09-18T19:20:15.444139,S-D2DA36DB,B-6754B80D,penthouse,Mooca,São Paulo,SP,-23.557637,-46.604995,147.3,5,2,3,2016,False,979.35,7095955.19,"Very interested, likely to make an offer."
d81e3d9d-f8ea-4c24-accb-cc755693bd28,2026-09-18T19:20:15.450273,S-A68825B9,B-FA3269CC,apartment,Vila Sônia,São Paulo,SP,-23.600124,-46.744234,165.6,2,1,1,2004,True,1719.06,616663.36,Looking for a property near public transport.
7e3215b0-965a-48b9-9dac-6238db5f701c,2026-09-18T19:20:15.450325,S-2B52717A,B-49437F1C,apartment,Vila Mariana,São Paulo,SP,-23.592613,-46.634873,218.8,3,2,0,1997,False,1249.06,1160394.9,Looking for a property near public transport.
18b3664e-b239-417b-a4dc-a8fbdc5f9182,2026-09-18T19:20:15.450361,S-FEAC3FEE,B-6F7DFB29,commercial,Consolação,São Paulo,SP,-23.554949,-46.651365,185.5,0,1,0,1990,True,1356.95,1823406.83,"Very interested, likely to make an offer."
ae02c8a0-baad-4cdb-a0c0-9e8dd878af16,2026-09-18T19:20:15.450393,S-C737D5F3,B-8BD0D195,commercial,Bela Vista,São Paulo,SP,-23.55911,-46.641386,166.2,0,1,0,1993,True,563.46,1133990.5,"Very interested, likely to make an offer."
b27cbc07-3264-4e6d-9607-4ba6ae4c62e7,2026-09-18T19:20:15.450424,S-DDFA5BFA,B-F2E3F2DB,penthouse,Casa Verde,São Paulo,SP,-23.503059,-46.651418,155.1,3,2,3,2004,False,1141.0,5180488.7,Requested details on condo fees.
49f373a1-3a65-493d-97d1-aa04c2115453,2026-09-18T19:20:15.450457,S-A0B527F2,B-08EE8B31,apartment,Vila Mariana,São Paulo,SP,-23.587292,-46.644004,108.1,3,4,0,1975,True,404.0,723552.96,
482d9138-6b4a-4a9e-9ac1-23f796977163,2026-09-18T19:20:15.450488,S-82B38DDB,,commercial,Pirituba,São Paulo,SP,-23.489736,-46.712275,243.9,0,1,1,1999,False,327.83,1422906.11,
85affcb8-e6d4-4896-aa4c-b8f63c8d592a,2026-09-18T19:20:15.450513,S-12CC96F2,,house,Santana,São Paulo,SP,-23.501988,-46.6283,188.1,2,2,2,2018,False,0.0,1301566.9,
3d880ac2-6886-426d-88c3-0b68edfcd6f8,2026-09-18T19:20:15.450548,S-2CF2EA94,B-D295CEE6,penthouse,Butantã,São Paulo,SP,-23.570912,-46.733325,280.0,3,3,1,1976,True,2378.88,7001446.35,Prefers ground floor due to mobility issues.
bd218253-727c-4616-9e71-27bfa8a19c08,2026-09-18T19:20:15.450573,S-33C3A8FD,,commercial,Paraíso,São Paulo,SP,-23.57289,-46.642704,206.1,0,1,1,2022,False,335.44,2190053.28,
0c1b555f-93af-4f83-9a49-b94833d6e512,2026-09-18T19:20:15.450604,S-16266D71,B-3400E8B5,apartment,Liberdade,São Paulo,SP,-23.553059,-46.629576,171.2,2,3,3,1980,False,1667.85,1682749.68,Needs parking for two cars.
545ca7df-73ab-4db5-9c16-46ded3f230dd,2026-09-18T19:20:15.450633,S-88C98332,B-FC7023A9,studio,Vila Sônia,São Paulo,SP,-23.586674,-46.743628,131.9,0,1,0,1976,False,2112.35,374461.42,Requested details on condo fees.
1c1a0e6e-6ade-47de-8a9e-3720d07503da,2026-09-18T19:20:15.450656,S-A9D94C3A,,studio,Cambuci,São Paulo,SP,-23.570498,-46.626487,135.6,0,1,0,1994,True,2094.25,486685.41,
b4b81845-29ad-4068-8067-10e64b33aa3c,2026-09-18T19:20:15.450685,S-D147BDD3,B-D717EA68,house,Vila Guilherme,São Paulo,SP,-23.507625,-46.599937,166.6,3,2,2,2009,True,0.0,4049673.3,Asked about pet policy in the building.
1fe55a6b-6e9d-416b-b761-098dcf6420d2,2026-09-18T19:20:15.450716,S-9CBB010E,B-87F58002,penthouse,Casa Verde,São Paulo,SP,-23.500654,-46.650607,233.6,3,3,3,1984,True,1580.42,4059986.75,"Interested in the view, wants to negotiate price."
4cb8bb30-1aef-4179-84c9-389dea496667,2026-09-18T19:20:15.450751,S-0481C21F,B-E7DA9BB0,house,Barra Funda,São Paulo,SP,-23.528117,-46.658985,131.2,4,1,2,1993,False,0.0,3941808.25,"Interested in the view, wants to negotiate price."
2000aa1b-e21e-4cb4-8e5e-3cba49e86fb4,2026-09-18T19:20:15.450786,S-09A7CA6C,B-703790B4,penthouse,Jardins,São Paulo,SP,-23.565945,-46.660645,109.4,5,4,3,1980,True,937.14,7079453.12,Requested details on condo fees.
5d0ec0bf-f5cb-487e-8cd1-106de734fd03,2026-09-18T19:20:15.450816,S-49F7D6DB,B-3F7094F5,house,Pirituba,São Paulo,SP,-23.48198,-46.717023,242.6,3,2,0,2012,True,0.0,1525432.13,
2f2d292e-3e3c-4446-a9ee-689fae51343a,2026-09-18T19:20:15.450851,S-1B41D6BB,B-67C0D1D2,commercial,Jardins,São Paulo,SP,-23.568267,-46.659963,279.8,0,1,1,1982,True,747.54,2237186.95,Concerned about noise from nearby avenue.
745513e1-13c8-4c00-9107-d3c843e103fd,2026-09-18T19:20:15.450878,S-F0714E79,,commercial,Santo André,São Paulo,SP,-23.661123,-46.543068,42.0,0,1,3,2006,True,617.07,1916268.81,
1898f346-9dac-4477-a90d-65b2aa438f1d,2026-09-18T19:20:15.450902,S-191F7B1D,,house,Consolação,São Paulo,SP,-23.543987,-46.653377,126.8,3,3,3,1982,False,0.0,891026.77,
b2c53d48-9bd7-45fa-bd12-17fbd56d024c,2026-09-18T19:20:15.450980,S-8F985CD8,B-7F714ED9,commercial,Ipiranga,São Paulo,SP,-23.58724,-46.59874,40.4,0,1,1,2013,False,1651.41,2359885.69,
2945e757-7441-46d4-bb02-1494b3c3672d,2026-09-18T19:20:15.451007,S-2D539047,,apartment,Saúde,São Paulo,SP,-23.603178,-46.636862,90.4,1,1,0,1998,True,1954.46,2227896.06,
43f34e06-fcfd-4197-bebf-9e860507f44b,2026-09-18T19:20:15.451031,S-9B871442,,commercial,Butantã,São Paulo,SP,-23.577305,-46.737993,228.2,0,1,0,1999,True,1639.12,1422129.24,
765f10cb-dc6a-419c-8a8f-a400da217b76,2026-09-18T19:20:15.451060,S-3D3B5282,,apartment,Morumbi,São Paulo,SP,-23.614748,-46.719966,138.7,2,1,1,2004,True,863.49,1192800.22,
87812537-f8f1-46c7-9547-5f814a8b325f,2026-09-18T19:20:15.451091,S-64909EB4,B-0181F0CD,studio,Morumbi,São Paulo,SP,-23.618173,-46.725513,251.3,0,1,3,2000,False,1126.01,380723.55,Needs parking for two cars.
478beee4-cb5f-4915-9521-6ba2f6a4ab23,2026-09-18T19:20:15.454580,S-25AA86AC,B-989EB0D6,penthouse,Campo Belo,São Paulo,SP,-23.620754,-46.661398,270.4,3,3,2,1993,False,1856.8,7494166.36,Requested details on condo fees.
d6030791-133a-4685-9b75-b321d723cbb6,2026-09-18T19:20:15.454656,S-067181AD,,house,Moema,São Paulo,SP,-23.599874,-46.671912,107.1,5,2,2,2007,True,0.0,2056576.81,
c926c9fb-551a-4d5a-b3d9-b2f68816481f,2026-09-18T19:20:15.454687,S-5C891D59,,penthouse,Ipiranga,São Paulo,SP,-23.591498,-46.607994,238.2,5,4,1,1993,True,1383.72,5788816.17,
a1989a31-3a22-4f74-87d3-946d3727ab16,2026-09-18T19:20:15.454714,S-E45E7F80,,studio,Saúde,São Paulo,SP,-23.599356,-46.636573,253.4,0,1,0,1999,False,770.19,286785.53,
2194c3de-8117-4664-82ee-8b934514650a,2026-09-18T19:20:15.454744,S-2DCA9592,B-4B7A93C2,commercial,Vila Prudente,São Paulo,SP,-23.585546,-46.575067,202.7,0,1,2,1989,False,911.54,1437009.68,Needs parking for two cars.
6f25ee77-67ad-4e9b-bcc5-0bfb417e1718,2026-09-18T19:20:15.454769,S-7B45A0A2,,commercial,Jardins,São Paulo,SP,-23.576115,-46.650619,133.8,0,1,1,1978,True,1082.01,2704066.34,
87f7348e-6d6b-4a1a-bdfc-58de37d01c59,2026-09-18T19:20:15.454799,S-7E50C9F7,B-F157C020,commercial,Perdizes,São Paulo,SP,-23.541691,-46.661047,232.1,0,1,0,1993,False,1517.39,1775633.47,Needs parking for two cars.
ec7d1fe1-d6c2-4daa-9d51-41b6f5b2986a,2026-09-18T19:20:15.454836,S-7C236467,B-2BD1E6B9,studio,Butantã,São Paulo,SP,-23.569467,-46.72453,72.8,0,1,2,2021,False,1826.33,275731.67,
f6c8694b-fa18-40b9-af80-bec401b47383,2026-09-18T19:20:15.454866,S-0E6E020F,B-744C687D,studio,Bela Vista,São Paulo,SP,-23.564947,-46.646119,197.0,0,1,0,2024,True,993.03,296263.53,Needs parking for two cars.
3bdf02ee-e514-4f61-9db0-924e22b5ae3b,2026-09-18T19:20:15.454891,S-016508BB,,penthouse,Santana,São Paulo,SP,-23.507518,-46.625776,215.1,3,3,2,2019,True,1278.37,4646719.37,
a57561b9-56a1-42d8-911d-2dae9f724065,2026-09-18T19:20:15.454920,S-8894E67D,,house,Santo André,São Paulo,SP,-23.664567,-46.540051,111.0,2,2,3,2007,True,0.0,3659456.54,
10ffd80a-7e06-4fc1-a3da-74c0f5373633,2026-09-18T19:20:15.454964,S-EABA5BF0,,studio,Saúde,São Paulo,SP,-23.595254,-46.630981,216.9,0,1,2,1985,False,850.56,359569.48,
ccc8a7b3-7b6d-4d4a-bc33-8b82c4b022ab,2026-09-18T19:20:15.454990,S-077A8638,,penthouse,Santana,São Paulo,SP,-23.50213,-46.630652,52.9,5,4,2,1987,True,2048.23,1565015.29,
e7e66c66-9947-4dc3-9b9b-383322b6cafb,2026-09-18T19:20:15.455020,S-DC2544F7,B-737B10C2,house,Cambuci,São Paulo,SP,-23.573271,-46.622052,124.1,2,1,0,2004,True,0.0,1732429.74,Concerned about noise from nearby avenue.
2ccd8b53-4d93-4a25-b9e8-38bf4ed3da66,2026-09-18T19:20:15.455050,S-5D6CD204,B-866C162A,commercial,Jabaquara,São Paulo,SP,-23.644913,-46.637467,85.3,0,1,0,2007,True,601.79,2479245.41,Asked about pet policy in the building.
48a412dd-fc2b-4d1b-a515-b511e749be62,2026-09-18T19:20:15.455075,S-A2E11A71,,house,Sapopemba,São Paulo,SP,-23.602515,-46.519568,254.9,3,2,3,1997,False,0.0,4336988.01,
896da44c-9246-4fc7-ad0b-9db631d941fc,2026-09-18T19:20:15.455110,S-77EEC68E,B-0DE690BE,studio,Cursino,São Paulo,SP,-23.613183,-46.620396,209.5,0,1,1,1993,True,2497.99,287162.57,Concerned about noise from nearby avenue.
32875d87-0269-4d3c-8406-200790755614,2026-09-18T19:20:15.456901,S-1D04C05F,,commercial,Vila Madalena,São Paulo,SP,-23.554754,-46.689069,94.1,0,1,0,2022,True,1861.64,727857.55,
816da0e4-ec7f-4de2-9013-802f5cae3712,2026-09-18T19:20:15.456966,S-8FC4BBB9,,house,Perdizes,São Paulo,SP,-23.539932,-46.661926,82.7,3,2,2,2024,True,0.0,2169219.97,
6ab58a18-1b8b-4d00-ab65-3c29a8c5690e,2026-09-18T19:20:15.457002,S-C720E6E8,B-28EC0633,apartment,Tatuapé,São Paulo,SP,-23.533757,-46.574977,269.9,2,3,1,1990,False,498.87,2102197.69,Asked about pet policy in the building.
84c1e05f-7b89-4856-9e5e-4aab7ac341e9,2026-09-18T19:20:15.457077,S-BC13009E,,studio,Tatuapé,São Paulo,SP,-23.546016,-46.571178,66.4,0,1,2,1979,True,2065.98,419119.78,
cde15fb4-d9a5-4c32-90f1-f32faba40e95,2026-09-18T19:20:15.457110,S-31B4F7E3,B-0B094538,apartment,Pinheiros,São Paulo,SP,-23.561717,-46.689496,242.7,2,3,0,1993,True,2287.53,1235276.39,Asked about pet policy in the building.
9a6e46fc-5dba-4450-8f55-1470a26083e7,2026-09-18T19:20:15.457140,S-B6FBDF18,B-FDF3A619,commercial,Paraíso,São Paulo,SP,-23.567472,-46.653518,246.3,0,1,2,2000,False,1594.73,855774.05,Needs parking for two cars.
a8b4d588-47c0-4578-9f45-596f866efcb7,2026-09-18T19:20:15.461289,S-27A71762,B-8F3D732E,apartment,Lapa,São Paulo,SP,-23.519753,-46.713853,50.4,1,2,0,2007,False,1421.47,2356449.93,Needs parking for two cars.
dbadabe1-5730-49f0-841f-8ed3fbd05b0f,2026-09-18T19:20:15.461355,S-3A9387AA,B-8E829F91,penthouse,Morumbi,São Paulo,SP,-23.622597,-46.723998,45.6,4,3,3,2004,False,1261.38,6574858.83,Wants to schedule a second visit with spouse.
381d461f-5f1f-497f-b3d6-b293f7c1fbf1,2026-09-18T19:20:15.461389,S-D30BF3CA,B-E76AA53F,penthouse,Liberdade,São Paulo,SP,-23.551485,-46.635739,223.9,4,4,1,2015,False,1689.14,2942832.85,Needs parking for two cars.
6b32d78e-e325-4d45-99ed-3ba6ac3d02b8,2026-09-18T19:20:15.461414,S-7C4F3B2C,,commercial,Sacomã,São Paulo,SP,-23.614006,-46.600164,200.8,0,1,0,2011,True,1980.63,1767541.7,
3166aea8-ac77-4529-ad03-06a28366eb58,2026-09-18T19:20:15.461442,S-0A2F68CC,,commercial,Ipiranga,São Paulo,SP,-23.590639,-46.605767,113.1,0,1,0,2001,True,792.79,2890612.68,
a9ac19f7-318c-46d7-9796-549f7d89b917,2026-09-18T19:20:15.461466,S-18A43715,,penthouse,Cursino,São Paulo,SP,-23.608706,-46.619502,44.9,5,3,2,1984,True,2201.25,1893771.87,
08ae5fa1-834a-4cef-b50c-7a6fb8a85ce1,2026-09-18T19:20:15.461496,S-C9453F76,B-BBEF944F,commercial,Cambuci,São Paulo,SP,-23.569523,-46.611628,234.3,0,1,3,2009,False,1838.28,1455476.95,Asked about pet policy in the building.
0aa34982-fc32-4b41-b8a0-4db502fc93cd,2026-09-18T19:20:15.461533,S-E168E8FA,B-6FC28CBD,apartment,Vila Leopoldina,São Paulo,SP,-23.5267,-46.734943,142.3,2,3,3,2011,False,591.17,2477962.98,"Very interested, likely to make an offer."
7b2ef375-055f-4bba-b9b0-9908a435c925,2026-09-18T19:20:15.461565,S-F444A126,B-2332E578,penthouse,Vila Guilherme,São Paulo,SP,-23.500809,-46.593506,160.8,5,4,1,2023,True,825.52,1535198.45,Concerned about noise from nearby avenue.
fe41976a-37cc-411f-85af-941674339ad0,2026-09-18T19:20:15.461598,S-51054206,B-6188E022,commercial,Jabaquara,São Paulo,SP,-23.648102,-46.643886,92.0,0,1,3,2014,True,1493.75,629146.47,
175d65bf-773c-4901-8114-5bcb172af8fa,2026-09-18T19:20:15.461627,S-27458703,,studio,Vila Prudente,São Paulo,SP,-23.592921,-46.575165,209.3,0,1,1,2023,False,2350.21,211971.75,
3eb3a36b-7ed1-472b-9192-8a462a0d1c82,2026-09-18T19:20:15.461656,S-4E2F24CD,B-C6C699DB,commercial,Barra Funda,São Paulo,SP,-23.526793,-46.667772,275.2,0,1,3,2010,True,1855.99,2895075.15,Requested details on condo fees.
483c0e09-716d-4fae-b8d6-4cc36c050581,2026-09-18T19:20:15.461686,S-8B00A9B1,B-6E20F37E,studio,Moema,São Paulo,SP,-23.604811,-46.672238,81.5,0,1,1,1988,False,346.35,237262.62,Prefers ground floor due to mobility issues.
fa74b94a-fdb1-48f3-bab3-a8d2c4e2ac5b,2026-09-18T19:20:15.461716,S-3A63283B,B-0B702B82,studio,Itaim Bibi,São Paulo,SP,-23.583723,-46.67027,148.6,0,1,1,1987,False,2346.03,246775.35,"Very interested, likely to make an offer."
10043bed-5ef8-4f9e-baa8-3a708c3c90de,2026-09-18T19:20:15.461750,S-B4FD4B48,B-957FFD1C,studio,Jabaquara,São Paulo,SP,-23.651725,-46.646081,178.1,0,1,1,2016,True,1281.24,385850.98,
be4a7595-29e0-44ce-868a-1bc199151f3d,2026-09-18T19:20:15.461774,S-15FFF32C,,commercial,Vila Andrade,São Paulo,SP,-23.640778,-46.729486,166.7,0,1,2,1991,True,750.5,2806505.51,
69e11092-a376-4e44-966d-468d36742c7e,2026-09-18T19:20:15.461804,S-4C4B6CBA,B-3C41AC96,apartment,Campo Belo,São Paulo,SP,-23.619309,-46.660875,153.2,3,3,2,1994,False,1374.08,1495955.8,Needs parking for two cars.
4394d9ab-a4c2-4e26-8d68-57f4f3342978,2026-09-18T19:20:15.461837,S-F8AFAFAF,B-8F97900F,house,Jabaquara,São Paulo,SP,-23.643063,-46.638507,210.1,4,2,0,2024,True,0.0,3396152.68,Prefers ground floor due to mobility issues.
46283e65-1a16-4a16-bcb4-829e2108c31b,2026-09-18T19:20:15.461868,S-EC4C3D17,B-744FA80C,apartment,Mandaqui,São Paulo,SP,-23.482648,-46.6388,42.6,3,3,2,1976,True,1849.79,1263163.45,"Very interested, likely to make an offer."
a67a63b3-cf97-435e-8e72-b3314f9837b0,2026-09-18T19:20:15.461898,S-1393F0CC,B-AEC3EA32,commercial,Mooca,São Paulo,SP,-23.551579,-46.605895,164.3,0,1,3,2000,True,2062.27,2083052.53,"Very interested, likely to make an offer."
d6211fa9-ced6-4e08-800f-af0edfbf30cb,2026-09-18T19:20:15.461946,S-A471129F,B-6D9059EF,penthouse,Cidade Dutra,São Paulo,SP,-23.699171,-46.663684,53.7,4,2,1,2006,True,2289.76,2304766.66,Asked about pet policy in the building.
fc1ae94b-6000-487f-8a9c-900a5083117b,2026-09-18T19:20:15.461979,S-D4BD9CD5,B-AAE418E3,apartment,Casa Verde,São Paulo,SP,-23.506864,-46.658328,231.4,2,2,3,1990,True,1090.04,1106452.27,Prefers newly renovated units only.
5f5cd369-c4d9-4eed-8ab7-59cac7358a7f,2026-09-18T19:20:15.462003,S-B1469E3C,,apartment,Ipiranga,São Paulo,SP,-23.586149,-46.604319,140.8,3,1,0,1983,True,1150.2,1085762.45,
6e064f2d-78b8-4af6-ac0f-e064d8c6189d,2026-09-18T19:20:15.462032,S-D52952E8,B-B697B94C,house,Sapopemba,São Paulo,SP,-23.612142,-46.517096,268.1,3,1,0,2021,True,0.0,2832974.73,Prefers newly renovated units only.
ebbba24b-4f5f-4a8c-9c91-ccff5d72f68f,2026-09-18T19:20:15.462062,S-25404BB7,B-3FE91412,studio,Vila Madalena,São Paulo,SP,-23.564208,-46.69005,150.6,0,1,1,1980,False,597.05,435778.6,Prefers newly renovated units only.
a8bd9436-6a48-4464-be67-a6439dd0de25,2026-09-18T19:20:15.462091,S-C6B9B0B4,B-27213A5E,commercial,Alto de Pinheiros,São Paulo,SP,-23.545901,-46.70752,66.0,0,1,2,2006,False,2474.28,2415105.08,Requested details on condo fees.
ade83c36-04e0-4d83-ab36-946b321f93db,2026-09-18T19:20:15.462121,S-B9995E90,B-CB953FC4,house,Paraíso,São Paulo,SP,-23.576807,-46.653684,63.3,3,1,0,1986,False,0.0,4327683.18,Asked about pet policy in the building.
7a01f1fa-3c44-4e75-bef6-456775bd8ed6,2026-09-18T19:20:15.465135,S-232BC28F,B-64BC9E72,commercial,Mandaqui,São Paulo,SP,-23.48405,-46.643355,112.0,0,1,2,2004,False,820.63,2874374.02,Wants to schedule a second visit with spouse.
6b31fc0b-6423-4c22-9862-f47000757b66,2026-09-18T19:20:15.465833,S-60FD4219,B-FC035A3C,penthouse,Brás,São Paulo,SP,-23.545241,-46.619751,117.2,4,4,0,1990,True,1718.42,5643998.72,Concerned about noise from nearby avenue.
9784bb6c-adc9-438e-854d-faabd9e5c7ad,2026-09-18T19:20:15.465870,S-D8533E82,B-33D789DD,apartment,Paraíso,São Paulo,SP,-23.574212,-46.651259,195.7,2,2,3,1994,True,1560.2,1094739.73,Requested details on condo fees.
e844026d-1571-4164-b2f8-5d5be295b003,2026-09-18T19:20:15.465894,S-AD9A00A6,,house,Mooca,São Paulo,SP,-23.548577,-46.609667,53.4,5,5,1,2005,True,0.0,3175028.64,
390a304a-e8f4-45d2-b277-cffa5c8fe713,2026-09-18T19:20:15.465947,S-4B1E71E8,B-E701C3EF,apartment,Cidade Ademar,São Paulo,SP,-23.658571,-46.666402,42.4,1,1,3,2002,True,1070.42,1179223.25,Needs parking for two cars.
b38ab305-5d25-4bf0-baa0-81554276d54b,2026-09-18T19:20:15.465997,S-4515F108,B-E5AE9589,apartment,Morumbi,São Paulo,SP,-23.612363,-46.72609,157.8,3,4,1,1985,True,1294.41,1271893.3,Concerned about noise from nearby avenue.
99eafbf3-0b01-4ec4-9ef1-9db10bfe4fa6,2026-09-18T19:20:15.466028,S-B5FB3D9B,B-4C3FE5F2,house,Moema,São Paulo,SP,-23.603389,-46.661404,260.4,3,3,1,2023,False,0.0,2381365.6,Needs parking for two cars.
cfb42a1d-0b38-431c-a7a1-a96c292fe6aa,2026-09-18T19:20:15.466063,S-5424638A,B-21E04D02,apartment,Santana,São Paulo,SP,-23.496833,-46.625584,240.5,2,2,3,1975,False,1715.15,1088466.92,Prefers ground floor due to mobility issues.
10e94715-7941-4f1c-afb5-357d6e187d9b,2026-09-18T19:20:15.466103,S-CD2C8508,B-B784D16A,studio,Bela Vista,São Paulo,SP,-23.559495,-46.639963,206.5,0,1,0,1978,False,413.74,371743.81,"Interested in the view, wants to negotiate price."
d891576d-5054-455b-a0d8-18aceaad962d,2026-09-18T19:20:15.466129,S-07E2D834,,house,Bela Vista,São Paulo,SP,-23.550187,-46.647373,123.7,2,1,3,2006,True,0.0,4332414.94,
83a5f666-97e0-4fb4-8f6f-1351e326885a,2026-09-18T19:20:15.467228,S-667C7B35,B-5A560F41,apartment,Mooca,São Paulo,SP,-23.547396,-46.597883,236.4,3,1,2,1982,True,2370.03,2095255.52,Requested details on condo fees.
19109419-fa0c-48e8-81fe-136400e5c0bb,2026-09-18T19:20:15.467259,S-292D5001,,apartment,Barra Funda,São Paulo,SP,-23.532682,-46.662873,132.1,4,2,0,1990,False,2460.7,1716663.31,
d9413b36-bd3f-436b-8338-55b29a8e2792,2026-09-18T19:20:15.467289,S-5CEE3514,B-96FF835A,studio,Tatuapé,São Paulo,SP,-23.5371,-46.576876,204.8,0,1,2,2003,True,1204.48,415074.1,Concerned about noise from nearby avenue.
e2718e6f-1607-4b37-b8a6-4f9882e939e4,2026-09-18T19:20:15.467320,S-D5D76A42,B-06BE633E,studio,Vila Sônia,São Paulo,SP,-23.592893,-46.744051,69.3,0,1,0,2009,False,1814.39,291473.09,
c79673b7-b375-4088-a8a8-43771b29b397,2026-09-18T19:20:15.467344,S-1CB55D4B,,apartment,Vila Mariana,São Paulo,SP,-23.581045,-46.636372,175.6,2,3,0,2016,False,1988.05,2202636.45,
45a9f917-545c-4c82-a5b8-0b6a18b31df3,2026-09-18T19:20:15.467368,S-2747C31F,,apartment,Aclimação,São Paulo,SP,-23.569586,-46.634559,40.2,2,3,1,2009,True,328.06,1399723.81,
7fb3d7b4-8127-41eb-bc7c-cc71d61dc4d3,2026-09-18T19:20:15.467392,S-B8CEF1E3,,commercial,Vila Mariana,São Paulo,SP,-23.58068,-46.642606,193.9,0,1,1,1999,False,2086.81,1905739.24,
beb6a38a-287c-40a9-97f2-61248ee425e5,2026-09-18T19:20:15.467421,S-6D85AD31,B-75D6DB0E,house,Lapa,São Paulo,SP,-23.518168,-46.705275,223.7,5,2,3,1987,True,0.0,2292712.6,Prefers newly renovated units only.
1fdaad80-9e3b-424c-acaa-7469f04d8c6c,2026-09-18T19:20:15.467449,S-5AF00CB7,,apartment,Vila Prudente,São Paulo,SP,-23.582837,-46.571109,222.5,1,2,0,1982,True,1533.02,974109.78,
1e0aff08-ff89-4182-9d25-4d496d3ad62b,2026-09-18T19:20:15.467474,S-0C1BD8CE,,penthouse,Vila Andrade,São Paulo,SP,-23.633892,-46.727244,134.2,3,4,0,2009,True,1622.22,1580964.82,
ef5edae0-1e59-44a9-ba68-f7afca66ce68,2026-09-18T19:20:15.467504,S-A929FDF9,,penthouse,Lapa,São Paulo,SP,-23.514907,-46.700377,80.0,5,4,0,1978,True,1973.06,5876874.38,
7caeadf6-ee32-4ef1-bbaf-0dfdf215f1f6,2026-09-18T19:20:15.467533,S-CFBC27B5,B-B4D8E4EB,studio,Pinheiros,São Paulo,SP,-23.557582,-46.686348,179.4,0,1,0,1990,False,2332.92,424521.78,Prefers newly renovated units only.
a26506dd-95f2-4a33-b756-5d2c9e9fee36,2026-09-18T19:20:15.467563,S-1A316CA4,B-77E6669E,apartment,Penha,São Paulo,SP,-23.519103,-46.548601,162.2,2,3,0,2015,True,889.81,2118494.61,Looking for a property near public transport.
a6aac43a-ed06-41ca-a36b-32a6be30c836,2026-09-18T19:20:15.467593,S-9973EBC0,B-40302B1E,house,Alto de Pinheiros,São Paulo,SP,-23.536812,-46.720866,260.2,4,1,1,1984,False,0.0,2619423.43,Prefers ground floor due to mobility issues.
9c6f961d-70ff-4974-9534-133c8169ba69,2026-09-18T19:20:15.467622,S-F902B965,B-48FE777F,apartment,Perdizes,São Paulo,SP,-23.537144,-46.659143,144.6,3,4,2,1979,False,662.95,949616.39,Asked about pet policy in the building.
143c498b-ee8d-47ea-ad4f-aa105da2c2ae,2026-09-18T19:20:15.467651,S-7D62BB02,B-A77C2D91,commercial,Água Funda,São Paulo,SP,-23.61594,-46.610885,187.1,0,1,2,1982,False,2492.54,1647363.89,Requested details on condo fees.
8230450e-8593-469d-8f79-89a73491a5f8,2026-09-18T19:20:15.467680,S-4B238B63,B-B2A4ACDA,commercial,Vila Leopoldina,São Paulo,SP,-23.533084,-46.742844,269.6,0,1,3,1998,True,2393.55,1458056.91,
fc590607-9913-4281-913f-53e1878cbd6a,2026-09-18T19:20:15.467708,S-4CC63211,,penthouse,Cidade Ademar,São Paulo,SP,-23.660837,-46.667569,68.6,3,4,2,1983,True,2339.03,6122932.99,
4df96b16-e1a6-4910-af87-92c511153389,2026-09-18T19:20:15.467731,S-B2C00872,,studio,Sacomã,São Paulo,SP,-23.604064,-46.594041,167.3,0,1,1,2000,True,431.03,261977.8,
2c291f1f-d90f-4d5a-a875-94742dfb13c1,2026-09-18T19:20:15.467766,S-D6B07CCC,B-29BCF740,apartment,Brooklin,São Paulo,SP,-23.624148,-46.699773,70.0,3,3,3,1977,True,1764.51,2372822.02,Requested details on condo fees.
37816284-b913-49c5-b881-3409e27d965f,2026-09-18T19:20:15.471515,S-CFB72C15,B-C18676A6,penthouse,Mandaqui,São Paulo,SP,-23.4912,-46.632272,112.8,4,4,3,1994,False,2104.72,7579794.67,Needs parking for two cars.
8d321df7-0d83-4b92-93f1-759ee6df49b3,2026-09-18T19:20:15.471557,S-C3E81C0C,,studio,Jabaquara,São Paulo,SP,-23.65143,-46.634475,65.5,0,1,0,2000,False,1436.73,454461.82,
68981443-a1e4-4e1a-adb0-842b50b5b091,2026-09-18T19:20:15.471593,S-CBDD3D57,B-6759AC5B,commercial,Higienópolis,São Paulo,SP,-23.543448,-46.651101,86.9,0,1,0,1976,False,410.83,712581.15,
41be7795-6d6d-449c-952b-50548ff2d07d,2026-09-18T19:20:15.471625,S-CD85DDF2,B-6627C03E,apartment,Tatuapé,São Paulo,SP,-23.546816,-46.576014,236.2,1,2,0,1982,True,2032.27,1943506.08,Prefers newly renovated units only.
7b42b021-010c-43d0-9e5e-529fc2716f5c,2026-09-18T19:20:15.471656,S-4DF846D2,B-FD6DD888,penthouse,Brás,São Paulo,SP,-23.544304,-46.611753,180.2,4,3,1,1981,False,1753.85,7571962.07,Needs parking for two cars.
ce595229-9551-42f0-bd06-4c0d5587e6d2,2026-09-18T19:20:15.471681,S-A261D0C1,,studio,Brooklin,São Paulo,SP,-23.610298,-46.699812,253.0,0,1,2,2009,True,2401.54,419429.55,
7383264b-930a-45b6-b5e1-28eac99c9b1a,2026-09-18T19:20:15.471710,S-28AE79FF,B-2DC89ECA,studio,Vila Mariana,São Paulo,SP,-23.587003,-46.642746,142.9,0,1,0,1979,False,1484.66,311534.16,Prefers newly renovated units only.
3a73da03-34c7-407f-a69d-9047c41ee975,2026-09-18T19:20:15.471735,S-C33D09B0,,house,Pinheiros,São Paulo,SP,-23.561018,-46.699174,77.3,4,4,1,1975,False,0.0,3773668.2,
1d6fda77-cad9-4f97-9315-b5bcadfea470,2026-09-18T19:20:15.471768,S-BCF98A91,B-D566117A,penthouse,Sapopemba,São Paulo,SP,-23.613549,-46.518412,64.3,4,3,2,2020,False,938.97,2590410.77,Looking for a property near public transport.
323961c9-f4b4-4342-af28-e4a881bcc911,2026-09-18T19:20:15.471792,S-A278326B,,commercial,Saúde,São Paulo,SP,-23.600069,-46.633,218.3,0,1,2,2016,False,1364.32,2238885.42,
bd69d131-69c4-4a48-b07b-e2c7d525fa55,2026-09-18T19:20:15.471829,S-15663E2D,B-3AB59679,apartment,Pinheiros,São Paulo,SP,-23.561258,-46.694756,89.0,4,2,1,1998,False,2319.12,1668316.37,Requested details on condo fees.
c416a7cb-41f6-40eb-8075-26fd5331d9ae,2026-09-18T19:20:15.471858,S-FFA22467,B-F5BCA4EC,studio,Casa Verde,São Paulo,SP,-23.499341,-46.663778,267.3,0,1,1,1983,False,435.61,209065.32,Looking for a property near public transport.
39285863-2e0b-4fc3-89c7-db908c8ae9fd,2026-09-18T19:20:15.471887,S-575B391C,B-254B8891,studio,Cambuci,São Paulo,SP,-23.566095,-46.619704,215.1,0,1,3,2014,False,1110.23,286779.27,Wants to schedule a second visit with spouse.
f7066de0-5a72-497e-9af6-9b37d38d939a,2026-09-18T19:20:15.471910,S-7D07D0D2,,house,Vila Prudente,São Paulo,SP,-23.593666,-46.574491,232.1,3,3,1,2010,True,0.0,3108588.34,
26312483-e6ed-4183-b0e3-786206c5aba8,2026-09-18T19:20:15.471960,S-95D4F0B5,,apartment,Santo André,São Paulo,SP,-23.66205,-46.538338,259.6,2,1,1,2008,True,431.34,1926635.49,
e9c00902-2b63-4ce6-a2d8-95ee9aff3675,2026-09-18T19:20:15.472006,S-7EA48056,B-FDC6716A,apartment,Vila Guilherme,São Paulo,SP,-23.5143,-46.602621,187.5,1,1,1,2017,True,620.6,1150431.29,"Very interested, likely to make an offer."
34571739-dea3-408a-92db-9e993922c374,2026-09-18T19:20:15.472037,S-F0866523,B-6325FEB1,house,Casa Verde,São Paulo,SP,-23.507857,-46.655975,201.6,3,1,1,2003,True,0.0,1089257.27,Prefers ground floor due to mobility issues.
2159de24-e8ce-4a2a-9bef-82b816921f3b,2026-09-18T19:20:15.472067,S-27CF79AB,B-2196C993,studio,Vila Madalena,São Paulo,SP,-23.55502,-46.688018,175.9,0,1,3,2010,True,466.33,358938.35,Prefers newly renovated units only.
251464cb-218d-4659-9f19-0f1c759d48b5,2026-09-18T19:20:15.472095,S-C1EFB99B,,apartment,Cursino,São Paulo,SP,-23.615794,-46.617096,149.4,3,1,3,2000,False,1627.91,719770.27,
6550e41a-1fa7-4b51-bd65-1a06e7e1cddc,2026-09-18T19:20:15.472126,S-25566D83,B-6356E2D1,commercial,Campo Belo,São Paulo,SP,-23.614722,-46.659913,156.7,0,1,0,1992,False,559.31,1380967.95,
a02e4a95-5a57-462c-8c04-5e2ad9b1cbe1,2026-09-18T19:20:15.476218,S-04888BF1,,apartment,Butantã,São Paulo,SP,-23.573814,-46.730358,213.2,2,3,2,1978,False,696.97,846584.31,
be1f968c-cb58-4b47-9bcb-730e5775c77b,2026-09-18T19:20:15.476270,S-CBA073D2,,penthouse,Paraíso,São Paulo,SP,-23.573549,-46.648551,89.5,3,2,0,1995,True,1254.42,2310833.28,
50db2706-9938-42da-b7d0-febdb2f8cc14,2026-09-18T19:20:15.476306,S-FAD8E55D,B-DBF292D1,penthouse,Vila Prudente,São Paulo,SP,-23.59135,-46.570627,223.6,3,2,2,2009,False,701.23,4244751.91,"Very interested, likely to make an offer."
ea454d97-78ce-4e94-b890-5948f3149bd7,2026-09-18T19:20:15.476332,S-72366475,,house,Cambuci,São Paulo,SP,-23.56532,-46.614358,130.4,3,3,1,2012,False,0.0,3309733.71,
cd941054-7a7b-4931-aa3c-1dac86907e6b,2026-09-18T19:20:15.476369,S-554FAB68,B-561D8535,house,Cambuci,São Paulo,SP,-23.563616,-46.616408,117.3,2,2,3,2017,True,0.0,1387485.64,
2587af1c-7f6a-4258-80da-5be39a96741c,2026-09-18T19:20:15.476400,S-2092E63D,B-8E829F33,studio,Cambuci,São Paulo,SP,-23.565162,-46.626823,40.3,0,1,0,1995,True,2067.84,399560.92,"Very interested, likely to make an offer."
ef0096ea-5e2a-4221-992a-1a0bcdaf2123,2026-09-18T19:20:15.476424,S-A186EB8B,,commercial,Campo Belo,São Paulo,SP,-23.621462,-46.669973,85.4,0,1,2,1986,False,718.02,2521784.84,
a9a078af-318c-439e-862f-758171897c5e,2026-09-18T19:20:15.476454,S-91FD9E0B,B-61A3DE93,studio,Campo Belo,São Paulo,SP,-23.622709,-46.666056,118.8,0,1,1,2019,False,2036.48,296378.05,"Interested in the view, wants to negotiate price."
15d1558b-eb00-4d7d-8a24-0732f009c821,2026-09-18T19:20:15.476485,S-0D87CC43,B-91CD2083,penthouse,Vila Madalena,São Paulo,SP,-23.553689,-46.695093,73.2,4,4,1,2022,True,782.55,4847286.31,Concerned about noise from nearby avenue.
9e9136fc-997e-4ea7-ba28-63a24fef29e3,2026-09-18T19:20:15.476515,S-5B85781F,B-DD115E87,house,Água Funda,São Paulo,SP,-23.621329,-46.607825,85.6,2,2,0,2003,True,0.0,2069638.28,Requested details on condo fees.
e09e7e8b-29b9-4928-8efd-08af3e72c0a8,2026-09-18T19:20:15.476550,S-15A93808,B-FFD88CD2,commercial,Butantã,São Paulo,SP,-23.573978,-46.723179,213.0,0,1,1,1999,True,2312.04,1367698.24,Prefers ground floor due to mobility issues.
59d85f32-44e8-4896-89cc-c5992d51b9c8,2026-09-18T19:20:15.476574,S-C398AD9F,,studio,Vila Prudente,São Paulo,SP,-23.594977,-46.573631,58.4,0,1,0,2017,False,1148.82,278074.66,
4c60da97-fa7a-4011-9088-85efee16c2df,2026-09-18T19:20:15.476608,S-07EB3604,B-70900B17,commercial,Bom Retiro,São Paulo,SP,-23.51909,-46.63956,161.3,0,1,3,2016,False,615.37,2504727.42,
2e2a1f9d-04d5-419e-bb6f-6fbb5813582e,2026-09-18T19:20:15.476638,S-67C6D5C2,B-7AE8973B,house,Cursino,São Paulo,SP,-23.607079,-46.619022,253.4,5,4,2,1994,False,0.0,4215156.99,Prefers newly renovated units only.
a08427af-2b9c-407b-8b04-6bae8036ce62,2026-09-18T19:20:15.476668,S-AE67A049,B-138B4D6A,apartment,Moema,São Paulo,SP,-23.604711,-46.669552,259.8,4,5,2,1976,True,1887.38,1941051.17,Concerned about noise from nearby avenue.
8372eecb-330a-44b7-a664-2512115bd6e4,2026-09-18T19:20:15.476693,S-3355FF5C,,apartment,Consolação,São Paulo,SP,-23.545216,-46.656799,165.5,4,4,3,2005,True,1086.12,2167610.4,
119603e1-4979-4d87-84c2-2f594b45d92e,2026-09-18T19:20:15.476723,S-E3ADE629,B-11B343AB,studio,Butantã,São Paulo,SP,-23.566222,-46.73648,184.5,0,1,0,1986,True,2107.38,212160.45,
ecb30a02-b589-4830-b6ee-b86ba9a2db57,2026-09-18T19:20:15.476753,S-07D7312F,B-55DCD472,house,Bom Retiro,São Paulo,SP,-23.519741,-46.644359,42.4,4,3,3,2010,False,0.0,4695165.61,Prefers newly renovated units only.
d2cb38ac-c4ab-41ce-9a1e-77df32f1eddc,2026-09-18T19:20:15.476783,S-B16415C2,B-32DC62A5,house,Mooca,São Paulo,SP,-23.547568,-46.605912,132.1,3,3,1,1996,False,0.0,761533.22,Prefers ground floor due to mobility issues.
afdd07db-b80f-4b9e-900b-452bc5b6f3c4,2026-09-18T19:20:15.476817,S-2523B36E,B-4A111241,apartment,Sapopemba,São Paulo,SP,-23.606684,-46.514273,138.0,2,2,1,1978,False,784.1,1443814.65,Prefers newly renovated units only.
c52c101d-ccee-44c7-9cb3-dce9f2cb7b82,2026-09-18T19:20:15.476852,S-BA22478A,B-DA484863,penthouse,Penha,São Paulo,SP,-23.519493,-46.546627,127.6,4,3,2,1992,True,530.64,3961663.74,Wants to schedule a second visit with spouse.
a0b74ff3-c036-4471-a179-c1887044c84e,2026-09-18T19:20:15.476881,S-05F9C33F,,house,Sapopemba,São Paulo,SP,-23.611324,-46.519742,216.8,4,1,3,1987,True,0.0,3213974.45,
9137bb02-f272-43bb-8470-5cec95ab046c,2026-09-18T19:20:15.476911,S-FD1DB159,B-6D8064EF,house,Vila Leopoldina,São Paulo,SP,-23.529634,-46.740846,101.4,5,1,0,1994,False,0.0,4289018.67,"Very interested, likely to make an offer."
07d89a34-1236-4b50-a959-a8dc583f01a2,2026-09-18T19:20:15.476957,S-B63DF2B7,,house,Liberdade,São Paulo,SP,-23.561078,-46.633954,179.1,3,2,1,1999,True,0.0,2794574.84,
9fe4251c-e09c-47cf-8641-0b4cbdc182ae,2026-09-18T19:20:15.476991,S-40E77EA3,B-CAC1CA29,studio,Jabaquara,São Paulo,SP,-23.642249,-46.635937,260.8,0,1,0,1980,True,369.0,211285.17,
7ed02b09-2a04-41b2-ae7e-07f67f1f147e,2026-09-18T19:20:15.477021,S-3EB68484,B-73475C25,house,Penha,São Paulo,SP,-23.521971,-46.54154,220.4,3,3,3,2002,True,0.0,3564838.19,Looking for a property near public transport.
7d3b6e39-d89b-4a95-87ac-8b3eb2156f78,2026-09-18T19:20:15.477052,S-970AD705,B-AFDB7179,house,Casa Verde,São Paulo,SP,-23.504003,-46.663388,186.0,2,2,0,1984,True,0.0,1469735.63,Requested details on condo fees.
a478eb94-9386-41f3-846a-f685c2d893bb,2026-09-18T19:20:15.477093,S-9B740024,B-29CF7F77,apartment,Sacomã,São Paulo,SP,-23.611089,-46.597431,80.6,4,2,2,2018,False,779.95,1584067.23,
be83e20e-2c25-4eb2-95a9-b08dd317a79b,2026-09-18T19:20:15.477123,S-8CC48239,B-CEAC51C7,house,Butantã,São Paulo,SP,-23.572966,-46.738955,238.3,5,4,1,1995,False,0.0,1037221.42,"Interested in the view, wants to negotiate price."
898e0f45-0a30-4d2a-92ab-80eedce2c906,2026-09-18T19:20:15.480268,S-0F0F13E2,B-623EE129,penthouse,Bela Vista,São Paulo,SP,-23.560992,-46.649068,172.5,5,3,3,2017,True,2301.52,3531193.7,Looking for a property near public transport.
b84c4524-e40d-433d-83be-c9f63b6ec9df,2026-09-18T19:20:15.480344,S-98E5E6CB,B-488440C9,studio,Campo Belo,São Paulo,SP,-23.626024,-46.668101,127.5,0,1,1,1999,True,2102.91,496302.48,Concerned about noise from nearby avenue.
8e8ff648-91a9-4752-b36a-dff193eecd82,2026-09-18T19:20:15.480380,S-2D35B5D6,B-5B844250,apartment,Ipiranga,São Paulo,SP,-23.588987,-46.610834,46.1,1,1,2,1992,False,1015.63,2416434.19,"Interested in the view, wants to negotiate price."
38e646ed-0896-488f-baf5-054faeec98df,2026-09-18T19:20:15.480411,S-8955A7C7,B-FCC10F0E,commercial,Lapa,São Paulo,SP,-23.529587,-46.702715,225.3,0,1,3,2020,False,1539.37,2460196.66,Prefers newly renovated units only.
22fa66ad-98df-4af0-9721-2e32c830b6ec,2026-09-18T19:20:15.480443,S-3FF8EF8E,B-A00881E8,commercial,Pinheiros,São Paulo,SP,-23.558548,-46.696579,144.0,0,1,1,1992,True,909.78,1296967.45,Prefers newly renovated units only.
c392f01a-52f8-4082-abad-85e35bdc2b4f,2026-09-18T19:20:15.480473,S-49E0C400,B-11DF7294,commercial,Penha,São Paulo,SP,-23.525524,-46.538459,136.6,0,1,3,2007,False,1505.01,775647.91,Needs parking for two cars.
be5fce1d-f639-4004-b971-409a89d092b1,2026-09-18T19:20:15.480497,S-728B6C93,,commercial,Brooklin,São Paulo,SP,-23.610865,-46.692997,193.8,0,1,2,2020,True,2144.77,612044.73,
5970d561-222a-4a7a-907f-7d88aa796fd6,2026-09-18T19:20:15.480528,S-069BFADF,B-92624631,studio,Tatuapé,São Paulo,SP,-23.541615,-46.571213,109.5,0,1,2,2021,True,1617.7,415260.56,Prefers newly renovated units only.
fb7aeb30-cfa2-47df-8286-b8564b0fc21a,2026-09-18T19:20:15.480559,S-3C5C541A,B-691C5293,house,Penha,São Paulo,SP,-23.530701,-46.544336,256.4,4,1,3,2000,False,0.0,1106382.98,Needs parking for two cars.
20a4d204-6f51-45fb-af0b-7523cef0d0bc,2026-09-18T19:20:15.480589,S-EB85525F,B-77C25604,commercial,Morumbi,São Paulo,SP,-23.625558,-46.725312,162.7,0,1,3,2018,True,1268.63,1781920.26,Requested details on condo fees.
2131f241-618a-4940-b338-490bad7a691f,2026-09-18T19:20:15.480614,S-9F554DBD,,penthouse,Cidade Ademar,São Paulo,SP,-23.666562,-46.668781,158.0,5,2,2,1992,True,2123.19,5940904.38,
261b5b27-1be0-4f7c-bd0e-0785e690c21c,2026-09-18T19:20:15.480643,S-FA9DC37B,,apartment,Alto de Pinheiros,São Paulo,SP,-23.540296,-46.708566,47.6,1,1,1,1979,True,1043.21,1636370.38,
7efc7238-1dda-4115-a2d9-46ab69313126,2026-09-18T19:20:15.480667,S-6318A049,,apartment,Higienópolis,São Paulo,SP,-23.545439,-46.653864,151.5,2,2,2,1989,False,1032.13,1107460.72,
dced6f7d-0296-4770-927a-a2b7da1235d1,2026-09-18T19:20:15.480698,S-80259F3D,B-8D1BE9B7,commercial,Vila Mariana,São Paulo,SP,-23.591605,-46.632276,268.8,0,1,3,2005,False,695.0,495904.56,Concerned about noise from nearby avenue.
3000ed61-1c61-4494-8e16-97c26224d8a0,2026-09-18T19:20:15.480732,S-678AC794,B-9CF751A2,commercial,Itaim Bibi,São Paulo,SP,-23.579339,-46.67015,250.3,0,1,2,2015,True,994.06,620645.05,Wants to schedule a second visit with spouse.
1922337b-f9a5-4f0d-860a-07980da8ca3c,2026-09-18T19:20:15.480763,S-696D0714,B-6B6DD5DD,studio,Lapa,São Paulo,SP,-23.527342,-46.705695,234.3,0,1,0,2011,False,1717.69,455538.6,Requested details on condo fees.
c880a8c4-deaf-44a2-9cab-7b19610e2aa1,2026-09-18T19:20:15.480797,S-82D2E609,B-FFA211F9,commercial,Higienópolis,São Paulo,SP,-23.535297,-46.664708,184.0,0,1,1,2004,False,1608.27,2799745.08,Prefers newly renovated units only.
5d663f7f-a5b3-4792-b11a-d06738537bbc,2026-09-18T19:20:15.480827,S-0D3A5B54,B-DBD5823D,apartment,Butantã,São Paulo,SP,-23.568688,-46.729531,114.9,2,1,2,1977,False,1019.96,430407.07,Requested details on condo fees.
4e92e0d8-7856-4529-af92-ab4204bd3276,2026-09-18T19:20:15.480850,S-064A7D7E,,commercial,Vila Mariana,São Paulo,SP,-23.591755,-46.636361,136.5,0,1,1,2023,False,1715.42,483912.75,
79679af1-22d8-4e59-9fed-8670ac9fd790,2026-09-18T19:20:15.480879,S-0B9E9E56,B-76BCAA53,studio,Morumbi,São Paulo,SP,-23.616968,-46.712864,152.8,0,1,2,1977,True,830.05,286992.26,Prefers newly renovated units only.
